Grade,Project #,Project name,Tool,Activity #,Activity name,Activity objective,Activity description,Activity duration,Source
1,1,Let's learn about technology devices,Pixlr E,1,Let's learn about technology devices,"Recognize the options of an educational platform.
Describe what a technology device is.
List the characteristics and uses of the most common technology devices.","Using the website of the project, students research about different technology devices and their use. In addition, they learn how to properly take care of these devices.",2c,Tbox
1,1,Let's learn about technology devices,Pixlr E,2,Our inventions,"Identify the main parts of an image editor.
Open an image using an editor.
Create strokes on an image.
Enter text in an image.
Export a finished image.",Students use diverse devices in order to create a technology invention that solves a specific need. They use an image editor to indicate the devices that will be part of their inventions.,2c,Tbox
1,2,Eco friends,Pixlr E,1,Time for research,"Use an electronic source to search for information.
List the basic tools of an image editor.
Explain what netiquette is.","Students research about image editing and learn how an image editor works. Additionally, students learn about natural resources.",2c,Tbox
1,2,Eco friends,Pixlr E,2,The club's postcard,"Use drawing tools.
Apply color to an image.
Enter text into an image.
Apply effects to an image.
Save an image.","Students create a postcard with the image of a valuable natural resource. They use the pencil to complete the scene, color the image and add text and effects to design an eye-catching material.",2c,Tbox
1,2,Eco friends,Pixlr E,3,Protection advertisement,"Insert an image from a file.
Modify an inserted image to fit in the layout.
Draw lines.
Decorate an image.","Students design an advertisement to show the importance of caring for natural resources. They edit the image by using different tools, among them the selection tool.",2c,Tbox
1,2,Eco friends,Pixlr E,4,An eco-friendly collage,"Create a new image.
Insert a photo from file.
Modify the size and position of an inserted photo.
Delete segments of an image.
Apply effects to text.",Students create a collage. They use different tools to create an collage about the natural resources of their country.,2c,Tbox
1,2,Eco friends,Pixlr E,5,An infographic for Eco friends,"Conceptualizing ideas for the infographic.
Organizing recommendations into a visually appealing format.
Selecting and adding elements to visually represent the environmental recommendations.
Using the eraser tool effectively for edits and adjustments.
Adding decorative elements to enhance the infographic's appeal.
Entering and formatting text to convey clear and concise recommendations.
Balancing design elements to create an engaging and informative infographic.","Students design an infographic with recommendations to protect the environment. They include elements to represent their idea; they also use the eraser, decorate the image and enter text.",2c,Tbox
1,2,Eco friends,Pixlr E,6,Your graphic material,Put into practice what has been learned.,"Let’s put our skills into practice! Students design a type of graphic material of their choice: postcard, advertisement, poster, infographic or collage. Their purpose is to invite others to protect a natural resource in their community as they practice their new skills.",2c,Tbox
1,2,Eco friends,Pixlr E,7,Let's create a video,Create an online video from images.,Students use the graphic materials created in this project to produce a video promoting the care of natural resources. This video can be shared with families.,2c,Tbox
1,3,Nature protectors,Word 365,1,Research to learn,"List the main tools of a word processor.
Describe the interface of a word processor.
Use an electronic source to search for information.","Students use the website of the project to research about nature protection and recycling. In addition, they learn the main tools of a word processor to create documents about the environment.",2c,Cursor
1,3,Nature protectors,Word 365,2,Nature is a poem,"Enter and format text in a document.
Insert and modify elements such as tables or images.","Students create literary pieces about nature protection using the word processor. They write poems, riddles, tongue twisters or songs and format their documents with the tools learned.",2c,Cursor
1,3,Nature protectors,Word 365,3,Reusing with riddles,"Enter and format text in a document.
Insert and modify elements such as tables or images.","Students create literary pieces about nature protection using the word processor. They write poems, riddles, tongue twisters or songs and format their documents with the tools learned.",2c,Cursor
1,3,Nature protectors,Word 365,4,Recycling with tonge twisters,"Enter and format text in a document.
Insert and modify elements such as tables or images.","Students create literary pieces about nature protection using the word processor. They write poems, riddles, tongue twisters or songs and format their documents with the tools learned.",2c,Cursor
1,3,Nature protectors,Word 365,5,Let's write a song,"Enter and format text in a document.
Insert and modify elements such as tables or images.","Students create literary pieces about nature protection using the word processor. They write poems, riddles, tongue twisters or songs and format their documents with the tools learned.",2c,Cursor
1,3,Nature protectors,Word 365,6,My own piece of literature,"Enter and format text in a document.
Insert and modify elements such as tables or images.","Students create literary pieces about nature protection using the word processor. They write poems, riddles, tongue twisters or songs and format their documents with the tools learned.",2c,Cursor
1,3,Nature protectors,Word 365,7,Let the contest begin,Put into practice what has been learned.,Students participate in a contest to share their literary pieces about nature. They put into practice what they have learned with the word processor and present their work to their classmates.,2c,Cursor
1,4,Create your own zoo,Excel 365,1,Let's research,"Describe the main elements of a spreadsheet.
Use an electronic source to search for information.","Students research about animals and zoo management. In addition, they learn the main elements of a spreadsheet to organize data.",2c,Cursor
1,4,Create your own zoo,Excel 365,2,Putting a puzzle together,"Enter data in a spreadsheet.
Use formulas and format cells.
Create and customize charts.","Students build their virtual zoo using a spreadsheet. They organize animal data, use functions, create charts and prepare a budget as they progress through the activities.",2c,Cursor
1,4,Create your own zoo,Excel 365,3,Organizing animals,"Enter data in a spreadsheet.
Use formulas and format cells.
Create and customize charts.","Students build their virtual zoo using a spreadsheet. They organize animal data, use functions, create charts and prepare a budget as they progress through the activities.",2c,Cursor
1,4,Create your own zoo,Excel 365,4,Using functions,"Enter data in a spreadsheet.
Use formulas and format cells.
Create and customize charts.","Students build their virtual zoo using a spreadsheet. They organize animal data, use functions, create charts and prepare a budget as they progress through the activities.",2c,Cursor
1,4,Create your own zoo,Excel 365,5,Let's create statistics charts,"Enter data in a spreadsheet.
Use formulas and format cells.
Create and customize charts.","Students build their virtual zoo using a spreadsheet. They organize animal data, use functions, create charts and prepare a budget as they progress through the activities.",2c,Cursor
1,4,Create your own zoo,Excel 365,6,Preparing a budget,"Enter data in a spreadsheet.
Use formulas and format cells.
Create and customize charts.","Students build their virtual zoo using a spreadsheet. They organize animal data, use functions, create charts and prepare a budget as they progress through the activities.",2c,Cursor
1,4,Create your own zoo,Excel 365,7,My virtual zoo,Put into practice what has been learned.,"Students present their virtual zoo project. They use the spreadsheet to show the animals, budget and statistics they have worked on throughout the project.",2c,Cursor
2,1,Let's explore operating systems,Word 365,1,Let's learn about operating systems,"List the main tools of a word processor.
Describe the interface of a word processor.
Use an electronic source to search for information.",Students use the website of the project to learn about operating systems. They identify the main options of a word processor and how to search for information.,2c,Cursor
2,1,Let's explore operating systems,Word 365,2,Quiz game,Put into practice what has been learned.,Students create a quiz game about operating systems. They put into practice what they have learned with the word processor and share it with their classmates.,2c,Cursor
2,2,Art detectives,Office 365,1,"Detectives, time to investigate",Use an electronic source to access information.,"Students learn how to search for information on the web. In addition, they learn about art around the world and the importance of collaborating online with other people.",2c,Tbox
2,2,Art detectives,Office 365,2,Art in Africa,"Identify keywords to perform a search.
Use the search option in the browser.
Enter text in a document.
Format the text.
Insert an image.","The trivia begins in Africa! In this activity, students use keywords to solve two questions about art in this region. In addition, they use a word processor to design a colorful poster including what they learned.",2c,Tbox
2,2,Art detectives,Office 365,3,Art in America,"Identify cells and cell ranges.
Enter data in a spreadsheet.
Format the data.","Let´s learn about art in America! Students solve three trivia questions about art in America. Then, they complete a spreadsheet to put together the painting of a renowned artist.",2c,Tbox
2,2,Art detectives,Office 365,4,Art in Asia,Search and download images.,Students explore Asian art. They solve trivia questions and design an infographic to show the data gathered in the research.,2c,Tbox
2,2,Art detectives,Office 365,5,Researching European art,Create a collage or assembly of images.,"Students solve trivia questions about European art. Additionally, they use an image editor to create a collage with works of art from this continent.",2c,Tbox
2,2,Art detectives,Office 365,6,Create your own trivia,"Use operators to search. 
Put into practice what has been learned in the project.",Let´s create a trivia! Students create their own trivia about art of a certain region or country. They provide clues to their classmates so they can find the answers.,2c,Tbox
2,2,Art detectives,Office 365,7,Let's solve our trivia,Create an online quiz.,"Let´s share the trivias! Students share the trivia created during the previous activity. In addition, they use their information searching skills to answer their classmates’ trivia questions.",2c,Tbox
2,3,Culture hunters,Office 365,1,Time to research,"Use an electronic source to access information.
Identify the main options of Office applications.","Students research about cultural heritage and tourism. In addition, they learn how to use Office applications to organize and present information.",2c,Cursor
2,3,Culture hunters,Office 365,2,Cultural heritage in my country,"Enter and format text in a document.
Organize data and use images in documents.","Students work as culture hunters using Office 365. They exchange clues, design a brochure and discover cultural heritage while applying the tools learned.",2c,Cursor
2,3,Culture hunters,Office 365,3,Exchanging clues,"Enter and format text in a document.
Organize data and use images in documents.","Students work as culture hunters using Office 365. They exchange clues, design a brochure and discover cultural heritage while applying the tools learned.",2c,Cursor
2,3,Culture hunters,Office 365,4,More clues,"Enter and format text in a document.
Organize data and use images in documents.","Students work as culture hunters using Office 365. They exchange clues, design a brochure and discover cultural heritage while applying the tools learned.",2c,Cursor
2,3,Culture hunters,Office 365,5,Discovering the cultural heritage,"Enter and format text in a document.
Organize data and use images in documents.","Students work as culture hunters using Office 365. They exchange clues, design a brochure and discover cultural heritage while applying the tools learned.",2c,Cursor
2,3,Culture hunters,Office 365,6,Let's design a brochure,"Enter and format text in a document.
Organize data and use images in documents.","Students work as culture hunters using Office 365. They exchange clues, design a brochure and discover cultural heritage while applying the tools learned.",2c,Cursor
2,3,Culture hunters,Office 365,7,A day for tourism,Put into practice what has been learned in the project.,Students participate in a tourism day to share what they have discovered about cultural heritage. They use the materials created with Office 365 during the project.,2c,Cursor
2,4,Artistic show,Scratch online,1,Researching to learn,"Use an electronic source to search for information.
Describe the main blocks and options of Scratch.",Students research about music and musical instruments. They learn the main blocks and options of Scratch to create an animated project.,2c,Cursor
2,4,Artistic show,Scratch online,2,The history of musical instruments,"Add and program sprites and backdrops.
Use control and event blocks to create a project.","Students use Scratch to create an artistic show about musical instruments. They program percussion, wind and string instruments and build their own show.",2c,Cursor
2,4,Artistic show,Scratch online,3,Percussion instruments,"Add and program sprites and backdrops.
Use control and event blocks to create a project.","Students use Scratch to create an artistic show about musical instruments. They program percussion, wind and string instruments and build their own show.",2c,Cursor
2,4,Artistic show,Scratch online,4,Wind instruments,"Add and program sprites and backdrops.
Use control and event blocks to create a project.","Students use Scratch to create an artistic show about musical instruments. They program percussion, wind and string instruments and build their own show.",2c,Cursor
2,4,Artistic show,Scratch online,5,String instruments,"Add and program sprites and backdrops.
Use control and event blocks to create a project.","Students use Scratch to create an artistic show about musical instruments. They program percussion, wind and string instruments and build their own show.",2c,Cursor
2,4,Artistic show,Scratch online,6,My artistic show,"Add and program sprites and backdrops.
Use control and event blocks to create a project.","Students use Scratch to create an artistic show about musical instruments. They program percussion, wind and string instruments and build their own show.",2c,Cursor
2,4,Artistic show,Scratch online,7,Let's enjoy the show,Put into practice what has been learned.,Students enjoy the artistic show and share their Scratch projects about music. They put into practice what they have learned and present their work.,2c,Cursor
3,1,A brief history,Preceden,1,The evolution of computers,"Recognize the main options of an educational platform.
Use an electronic source to search for information.
List important facts in the history of computers.
Explain basic concepts that arise in the evolution of computers.
Define what digital citizenship is.","Students access TBox Academy and familiarize with its main options. Then, they use the website of the project to research the evolution of computers and learn about digital citizenship.",2c,Tbox
3,1,A brief history,Preceden,2,A timeline,"Enter events in a timeline.
Insert images in a timeline.
Share the timeline designed.",Students create a timeline showing outstanding events in the history of computers. They use images and other resources to illustrate this information.,2c,Tbox
3,2,Sports in TBox City,Word 365,1,Research is the first step,"List the main tools of a word processor.
Describe the interface of a word processor.
Use an electronic source to search for information.","Students increase their knowledge on word processing. Additionally, they learn about the importance of practicing sports. They complement their research as they learn about ergonomics in a world full of technology.",2c,Tbox
3,2,Sports in TBox City,Word 365,2,Athletics news,"Apply formatting to text.
Align a paragraph.
Modify the spacing of a paragraph.
Undo and redo processes.
Use numbering.
Copy the text formatting.
Use columns.
Insert footnotes.",Students prepare news for the website with interesting facts about athletics. They use several word processing tools to apply an appealing formatting to the content.,2c,Tbox
3,2,Sports in TBox City,Word 365,3,Interview with a swimmer,"Use the spelling checker.
Insert a table.
Change the dimensions of a table.
Modify the border and fill of a cell.
Modify the header and footer.
Insert a page number.","Everybody in the water! In this activity, students discover interesting facts about swimming and they prepare questions they ask during an interview to a renowned swimmer in their country. In this document, they work with tables to organize information.",2c,Tbox
3,2,Sports in TBox City,Word 365,4,A timeline for cycling,"Set page orientation.
Change the paper size.
Insert and modify images.
Work with shapes.
Create artistic text.
Insert hyperlinks.
Create borders on a page.","Keep pedaling! In this activity, students design a timeline that will be posted in the website, which includes important events in the history of cycling. To create this material, they work with different graphic resources and set up the document properties.",2c,Tbox
3,2,Sports in TBox City,Word 365,5,A new entry for the blog,"Modify the margins of a document.
Use the preview of a document.
Set print options.
Save the document in different formats.","Students prepare a new entry for the blog in the sports website. In this new entry they share interesting facts about gymnastics, and use various tools of the word processor to complete the document.",2c,Tbox
3,2,Sports in TBox City,Word 365,6,Sports news report,Put in practice what has been learned.,"Students put into practice what they have learned by creating a news report to encourage people to practice a sport they prefer. The news report includes interesting facts about the sport, benefits and recommendations.",2c,Tbox
3,2,Sports in TBox City,Word 365,7,Create an interactive document,Create interactive documents.,Students prepare an interactive document using an online tool in order to have a dynamic vision of the news report created in the previous activity.,2c,Tbox
3,3,Eath Healthy,Excel 365,1,Research is the first step,"Describe the main elements of a spreadsheet.
Use an electronic source to search for information.",Students research about nutrition and healthy eating. They learn the main elements of a spreadsheet to organize nutritional data.,2c,Cursor
3,3,Eath Healthy,Excel 365,2,Energy requirements,"Enter data in a spreadsheet.
Use formulas and format cells.
Create and customize charts.","Students use a spreadsheet to explore energy, protein and carbohydrate requirements. They analyze the nutritional value of dishes and plan a healthy diet.",2c,Cursor
3,3,Eath Healthy,Excel 365,3,Protein requirements,"Enter data in a spreadsheet.
Use formulas and format cells.
Create and customize charts.","Students use a spreadsheet to explore energy, protein and carbohydrate requirements. They analyze the nutritional value of dishes and plan a healthy diet.",2c,Cursor
3,3,Eath Healthy,Excel 365,4,Carbohydrate requirements,"Enter data in a spreadsheet.
Use formulas and format cells.
Create and customize charts.","Students use a spreadsheet to explore energy, protein and carbohydrate requirements. They analyze the nutritional value of dishes and plan a healthy diet.",2c,Cursor
3,3,Eath Healthy,Excel 365,5,Nutritional value of typical dishes,"Enter data in a spreadsheet.
Use formulas and format cells.
Create and customize charts.","Students use a spreadsheet to explore energy, protein and carbohydrate requirements. They analyze the nutritional value of dishes and plan a healthy diet.",2c,Cursor
3,3,Eath Healthy,Excel 365,6,Healthy diet,"Enter data in a spreadsheet.
Use formulas and format cells.
Create and customize charts.","Students use a spreadsheet to explore energy, protein and carbohydrate requirements. They analyze the nutritional value of dishes and plan a healthy diet.",2c,Cursor
3,3,Eath Healthy,Excel 365,7,Online survey,Put into practice what has been learned.,Students create and share an online survey about healthy habits. They use the spreadsheet to analyze the results and put into practice what they have learned.,2c,Cursor
3,4,Healthy families,Pixlr E,1,Research to learn,"List the basic tools of an image editor.
Use an electronic source to search for information.","Students research about healthy habits for families. In addition, they learn the basic tools of an image editor.",2c,Cursor
3,4,Healthy families,Pixlr E,2,A good night's sleep,"Edit and enhance images using the editor tools.
Add text and effects to images.","Students use the image editor to create materials about sleep, water, sun protection, exercise and important health advice for families.",2c,Cursor
3,4,Healthy families,Pixlr E,3,Let's drink water,"Edit and enhance images using the editor tools.
Add text and effects to images.","Students use the image editor to create materials about sleep, water, sun protection, exercise and important health advice for families.",2c,Cursor
3,4,Healthy families,Pixlr E,4,Let's protect ourselves from the sun,"Edit and enhance images using the editor tools.
Add text and effects to images.","Students use the image editor to create materials about sleep, water, sun protection, exercise and important health advice for families.",2c,Cursor
3,4,Healthy families,Pixlr E,5,Let's work out,"Edit and enhance images using the editor tools.
Add text and effects to images.","Students use the image editor to create materials about sleep, water, sun protection, exercise and important health advice for families.",2c,Cursor
3,4,Healthy families,Pixlr E,6,Important advice,"Edit and enhance images using the editor tools.
Add text and effects to images.","Students use the image editor to create materials about sleep, water, sun protection, exercise and important health advice for families.",2c,Cursor
3,4,Healthy families,Pixlr E,7,An animated image,Put into practice what has been learned.,Students create an animated image about healthy living. They use the image editor to put into practice what they have learned and share tips with their families.,2c,Cursor
4,1,Information security,Bubbl.us V2,1,About information security,"Recognize the main options of an educational platform.
Use an electronic source to search for information.
Explain what information security is and its objectives.
List simple tips to keep devices and information safe.","Students access TBox Academy and familiarize with its main options. Then, they use the website of the project to learn about information security and practical recommendations to protect devices and information.",2c,Tbox
4,1,Information security,Bubbl.us V2,2,Ideas about information security,"Register in an online tool.
Enter and connect ideas in the diagram.
Share the created mind map.",Students create a mind map to summarize what they have learned about information security. They connect the main ideas and illustrate them with images.,2c,Tbox
4,2,Innovation in the transportation means,PowerPoint 365,1,Research to discover,"Describe basic recommendations for designing a multimedia presentation.
List the main options of a presentation editor.
Describe the interface of a presentation editor.
Use an electronic source to search for information.","Students discover basic recommendations to consider when designing a multimedia presentation. In addition, they identify the interface of a presentation editor and its main options. In digital citizenship, they learn about intellectual property.",2c,Tbox
4,2,Innovation in the transportation means,PowerPoint 365,2,Public transportation innovation,"Modify the slide master.
Enter and format text.
Insert new slides into the presentation.
Copy the text formatting.
Insert images.
Use different views in the presentation editor.","Students start the elaboration of their presentation on innovation in transportation means. They modify the general parameters of the presentation and then create the first three slides: title, definition of transportation means and show the first example in a collective transporteation means. They enter and format the text and insert images.
",2c,Tbox
4,2,Innovation in the transportation means,PowerPoint 365,3,Autonomous vehicles,"Create and format shapes.
Insert text boxes.
Use tools to edit an image in the presentation.
Insert an artistic text.
Align objects.
Rearrange the order of the slides.
Create links between slides.","Autonomous vehicles? Students research about autonomous vehicles and design a diagram in their presentation to demonstrate how they work. In addition, they create the menu to navigate through the content of the presentation.",2c,Tbox
4,2,Innovation in the transportation means,PowerPoint 365,4,Innovations in air transportation,"Insert and modify a table.
Create actions.
Set the presentation type.
Insert a video in the presentation.
Apply transitions.","Innovations make us fly! Students continue their research to discover examples of innovations in air transportation. Students use additional resources to improve the presentation: tables, videos, transitions and actions.
",2c,Tbox
4,2,Innovation in the transportation means,PowerPoint 365,5,My choice,"Duplicate a slide.
Add supporting notes in a presentation.
Animate the elements of a presentation.
Modify the printing options.","Students complete the presentation by choosing an example of innovation in a common transportation means, such as a bicycle or motorcycle. They apply animations to the elements to emphasize important points, add explanatory notes and explore printing options.",2c,Tbox
4,2,Innovation in the transportation means,PowerPoint 365,6,Here's my presentation,Put in practice what they have learned.,"There are many innovations in the transportation means! Students research to choose an innovation they like and put into practice what they have learned to create an original presentation with interesting data, images, videos and other resources.",2c,Tbox
4,2,Innovation in the transportation means,PowerPoint 365,7,Recording and editing,"Record and edit an audio.
Insert an audio in a multimedia presentation.",Students use an online tool to record and edit an audio that they can incorporate in their presentation.,2c,Tbox
4,3,Innovations to solve problems,Scratch online,1,Research and learn,"Use an electronic source to search for information.
Describe the main blocks and options of Scratch.",Students research about innovations that solve everyday problems. They learn the main options of Scratch to create interactive projects.,2c,Cursor
4,3,Innovations to solve problems,Scratch online,2,Technology in the kitchen,"Add and program sprites and backdrops.
Use control and event blocks to create a project.","Students use Scratch to explore innovations such as technology in the kitchen, the evolution of phones, Hawk-eye, solar energy and helping their community.",2c,Cursor
4,3,Innovations to solve problems,Scratch online,3,The evolution of phones,"Add and program sprites and backdrops.
Use control and event blocks to create a project.","Students use Scratch to explore innovations such as technology in the kitchen, the evolution of phones, Hawk-eye, solar energy and helping their community.",2c,Cursor
4,3,Innovations to solve problems,Scratch online,4,Hawk-eye,"Add and program sprites and backdrops.
Use control and event blocks to create a project.","Students use Scratch to explore innovations such as technology in the kitchen, the evolution of phones, Hawk-eye, solar energy and helping their community.",2c,Cursor
4,3,Innovations to solve problems,Scratch online,5,Solar energy,"Add and program sprites and backdrops.
Use control and event blocks to create a project.","Students use Scratch to explore innovations such as technology in the kitchen, the evolution of phones, Hawk-eye, solar energy and helping their community.",2c,Cursor
4,3,Innovations to solve problems,Scratch online,6,Helping my community,"Add and program sprites and backdrops.
Use control and event blocks to create a project.","Students use Scratch to explore innovations such as technology in the kitchen, the evolution of phones, Hawk-eye, solar energy and helping their community.",2c,Cursor
4,3,Innovations to solve problems,Scratch online,7,Let's keep programming,Put into practice what has been learned.,Students keep programming and share their innovation projects. They put into practice what they have learned with Scratch and present their solutions.,2c,Cursor
4,4,Technology for a better life,Access 365,1,Learning about databases,"Describe what a database is and its uses.
Identify tables, records and fields.","Students learn about databases and how they support innovation. They identify tables, records and fields in Access 365.",2c,Cursor
4,4,Technology for a better life,Access 365,2,Working with records,"Create and modify tables and relationships.
Build queries, forms and reports.","Students work with Access 365 to manage records, use tables, create a trivia on innovations, prepare reports and explore innovations in the future.",2c,Cursor
4,4,Technology for a better life,Access 365,3,Using tables,"Create and modify tables and relationships.
Build queries, forms and reports.","Students work with Access 365 to manage records, use tables, create a trivia on innovations, prepare reports and explore innovations in the future.",2c,Cursor
4,4,Technology for a better life,Access 365,4,Trivia on innovations,"Create and modify tables and relationships.
Build queries, forms and reports.","Students work with Access 365 to manage records, use tables, create a trivia on innovations, prepare reports and explore innovations in the future.",2c,Cursor
4,4,Technology for a better life,Access 365,5,Preparing a report,"Create and modify tables and relationships.
Build queries, forms and reports.","Students work with Access 365 to manage records, use tables, create a trivia on innovations, prepare reports and explore innovations in the future.",2c,Cursor
4,4,Technology for a better life,Access 365,6,Innovations in the future,"Create and modify tables and relationships.
Build queries, forms and reports.","Students work with Access 365 to manage records, use tables, create a trivia on innovations, prepare reports and explore innovations in the future.",2c,Cursor
4,4,Technology for a better life,Access 365,7,Creating a tutorial,Put into practice what has been learned.,Students create a tutorial about innovations using the database. They put into practice what they have learned and share their work.,2c,Cursor
5,1,This is how the Internet works,Padlet,1,Learning more about the internet,"Recognize the main options of an educational platform.
Describe how the internet came about.
Explain briefly how the internet works.
Define the following terms: client, server, URL, ISP, DNS and IP address.
Identify internet services.
List specific recommendations to assess the reliability of an online source.","Students use the website of the project to look into the beginnings of the internet and fundamental aspects of how it functions. In addition, they review practical recommendations to evaluate the reliability of online sources.",2c,Tbox
5,1,This is how the Internet works,Padlet,2,Online board,"Enter concepts in an online board.
Add images and videos in an online board.
Share a board.","It is time to share what students have researched, and to do so they create an online board with basic internet concepts. Students enhance this board with related images and videos.
",2c,Tbox
5,2,Favorite cities,Google Sites,1,Finding information on the web,"List operators that can be used in a search engine.
Identify the process to use the advanced options in a search engine.
Describe the importance of citing the sources of information used.","Students learn new tips and “tricks” to find information on the web by using different operators. In addition, they learn about the importance of citing sources of information in their school assignments and other projects.
",2c,Tbox
5,2,Favorite cities,Google Sites,2,The word's best cities,"Use logical or boolean operators in searches.
Identify the main parts of a webpage editor.
Create a new website.
Enter and format the text on a webpage.
Work with predefined layouts to organize content on a webpage.
Modify the name of a page on the website.","Students put into practice what they have learned as they perform a search for the world’s best cities to live in. Students choose their favorite one and begin to create their own website and add these general data: name, population, area, motto and other interesting facts.
",2c,Tbox
5,2,Favorite cities,Google Sites,3,Images of my favorite city,"Use filters in a search engine to locate images with specific characteristics.
Add a new page to the website.
Add an image gallery to a webpage.
Insert a map in a webpage.","Students use different tools in the search engine to find images with specific sizes, types and formats of the city they chose. They add these images to their website, as well as a map with the exact location.
",2c,Tbox
5,2,Favorite cities,Google Sites,4,What is the climate like in my favorite city,"Use operators to search for more delimited content: related, intitle and inurl.
Search multimedia content on the web using filters to determine duration, quality and source.
Insert a video in a webpage.","Students look into the climate and natural resources of the city they chose. To do it, they use new operators such as related, intitle and inurl. Then, they use the options in the search engine to locate videos and 360° videos that they include in their website.
",2c,Tbox
5,2,Favorite cities,Google Sites,5,Let's research the economy,"Use the advanced options in a search engine.
Use the filetype operator to locate certain types of files.
Search live cameras from defined locations.
Create links on the website.","In this activity students use the advanced search options and the filetype operator to learn about the economy and trade of the city they picked. Additionally, they search for live streaming webcams around the city. With the content gathered, they create a new section in their website.
",2c,Tbox
5,2,Favorite cities,Google Sites,6,The best city to live in,"Add buttons with links on the website.
Define a footer on the website.
Verify the functioning of the website.
Publish the website with a specific URL.","Students use the search options already learned to complete their website by adding a new section, where they show five interesting facts why they would recommend living in the city they chose. Also, the students make the final modifications and complete the process to publish the site.
",2c,Tbox
5,2,Favorite cities,Google Sites,7,Designing a portal,Create a web portal linking to the sites produced in the project.,"With the teacher's support, students work in teams to build a portal with access to all of their classmates’ sites. This will provide people who visit the portal with access to interesting contents about cities around the world.
",2c,Tbox
5,3,Tourist destinations,Canva,1,Learning about the email,"Describe the main options of a graphic design tool.
Use an electronic source to search for information.",Students learn about email and tourist destinations. They explore the main options of Canva for creating graphic materials.,2c,Cursor
5,3,Tourist destinations,Canva,2,A magazine article,"Create a design using templates and elements.
Add text, images and export the design.","Students use Canva to create a magazine article, tourism poster, infographic, and other materials about tourist attractions and city treasures.",2c,Cursor
5,3,Tourist destinations,Canva,3,A tourism poster,"Create a design using templates and elements.
Add text, images and export the design.","Students use Canva to create a magazine article, tourism poster, infographic, and other materials about tourist attractions and city treasures.",2c,Cursor
5,3,Tourist destinations,Canva,4,Tourist attractions infographic,"Create a design using templates and elements.
Add text, images and export the design.","Students use Canva to create a magazine article, tourism poster, infographic, and other materials about tourist attractions and city treasures.",2c,Cursor
5,3,Tourist destinations,Canva,5,City treasures,"Create a design using templates and elements.
Add text, images and export the design.","Students use Canva to create a magazine article, tourism poster, infographic, and other materials about tourist attractions and city treasures.",2c,Cursor
5,3,Tourist destinations,Canva,6,A design of your choice,"Create a design using templates and elements.
Add text, images and export the design.","Students use Canva to create a magazine article, tourism poster, infographic, and other materials about tourist attractions and city treasures.",2c,Cursor
5,3,Tourist destinations,Canva,7,Designs published on the web,Put into practice what has been learned.,Students publish their designs on the web and share them. They put into practice what they have learned with Canva for the tourist destinations project.,2c,Cursor
5,4,The world of music,Soundtrap,1,Research and learn,"Describe the main options of an audio editing tool.
Use an electronic source to search for information.",Students research about music and audio production. They learn the main options of Soundtrap for creating podcasts.,2c,Cursor
5,4,The world of music,Soundtrap,2,Creating my first podcast,"Record and mix audio tracks.
Add effects and export the project.","Students use Soundtrap to create their first podcast, mix audios, add effects, publish episodes and explore traditional music.",2c,Cursor
5,4,The world of music,Soundtrap,3,Mixing audios in the podcast,"Record and mix audio tracks.
Add effects and export the project.","Students use Soundtrap to create their first podcast, mix audios, add effects, publish episodes and explore traditional music.",2c,Cursor
5,4,The world of music,Soundtrap,4,Podcast with effects,"Record and mix audio tracks.
Add effects and export the project.","Students use Soundtrap to create their first podcast, mix audios, add effects, publish episodes and explore traditional music.",2c,Cursor
5,4,The world of music,Soundtrap,5,Publishing a podcast,"Record and mix audio tracks.
Add effects and export the project.","Students use Soundtrap to create their first podcast, mix audios, add effects, publish episodes and explore traditional music.",2c,Cursor
5,4,The world of music,Soundtrap,6,Traditional music,"Record and mix audio tracks.
Add effects and export the project.","Students use Soundtrap to create their first podcast, mix audios, add effects, publish episodes and explore traditional music.",2c,Cursor
5,4,The world of music,Soundtrap,7,Educational podcasts,Put into practice what has been learned.,Students create and share educational podcasts about music. They put into practice what they have learned with Soundtrap.,2c,Cursor
6,1,Reality in other dimensions,Canva,1,Learning through research,"Recognize the main options of an educational platform.
Explain the concept of virtual reality.
Define what augmented reality consists of.
List uses of virtual reality and augmented reality.
Expose the differences between virtual reality and augmented reality.
Define what is the digital divide.
List the main effects of the digital divide.","Students use the website of the project to research about virtual reality and augmented reality. In addition, they learn about the digital divide and its effects.
",2c,Tbox
6,1,Reality in other dimensions,Canva,2,Designing a publication,"Register in a graphic design web application.
Choose the base design or template to create a new publication.
Insert and configure images in a design.
Insert and modify shapes in a design.
Enter text and apply formatting.
Save and share a publication.","In order to share what students learned about virtual reality and augmented reality, they design a publication in an online tool. They use images, shapes and short texts to present these technologies.
",2c,Tbox
6,2,Entertainment numbers,Excel 365,1,We learn as we research,"Explain how to work with functions and formulas in a spreadsheet.
Describe the usefulness of conditional formatting and filters in a data table.
Identify the main tools of a spreadsheet.
Define what is the digital identity.
List recommendations to maintain a good digital identity.","Students learn more about spreadsheets and they become familiar with some basic concepts of the entertainment industry. Additionally, they learn what digital identity is and practical tips to protect it.
",2c,Tbox
6,2,Entertainment numbers,Excel 365,2,Top grossing films,"Fill cells with data.
Enter text and format it.
Adjust the width of the columns.
Insert columns.
Create simple formulas.
Copy and paste formulas.
Merge cells.
Get the total of a range of cells.
Apply number format.
Copy the format.
Calculate the average of a range of cells.
Insert hyperlinks.","Students create a data table to identify the highest grossing movies of all times. After gathering up-to-date information, they calculate how much the box office totaled and compare this data to the production budget in order to estimate profits.
",2c,Tbox
6,2,Entertainment numbers,Excel 365,3,Most valuable sports team,"Apply borders to the cells.
Apply fill color to the cells.
Modify the alignment of the contents in the cells.
Delete rows and columns.
Obtain the maximum and minimum values of a range.
Change the name of the spreadsheet in a book.
Work with images.
Insert a text box.
Apply conditional formatting.","What are the world’s most valuable sports teams? In this activity, students discover the monetary value of different sports teams and their growth rate during the last year. After working on the data table and performing basic calculations, they use conditional formatting to classify the information.
",2c,Tbox
6,2,Entertainment numbers,Excel 365,4,Most followers on a social network,"Remove formats.
Create a chart.
Change the size of a chart.
Add and modify elements of a chart.
Work with shapes.
Change the page orientation.
Establish a printing scale.
Modify page margins.
Sort and filter records in a table.","In this activity, students create a table to show the number of followers that artists, athletes or other celebrities have on a specific social network. They create and customize a statistics chart, use filters and set up the page options.
",2c,Tbox
6,2,Entertainment numbers,Excel 365,5,Best sellers,"Apply styles to tables.
Change the color of the spreadsheet's tab.
Change the order of the spreadsheets.
Define a header and footer.
Place the chart on a separate sheet.
Insert a comment in a cell.","Students create a table and a statistical chart to show the sales of one area of the entertainment industry, for instance the best-selling videogames of all time. They insert a header and footer on the sheets and reinforce the use of filters and conditional formatting.
",2c,Tbox
6,2,Entertainment numbers,Excel 365,6,An entertainment option,Put into practice what has been learned.,"Students use a spreadsheet to suggest an entertainment option for their school. They complete the basic proposal in the spreadsheet and determine the approximate costs to obtain the budget.
",2c,Tbox
6,2,Entertainment numbers,Excel 365,7,A survey to evaluate the project,Create an online survey.,"Students use a tool to design online surveys. This survey will help the evaluate the acceptance level of their proposal. They analyze the data obtained to identify ways to improve their project.
",2c,Tbox
6,3,Programming your video game,Gamefroot,1,Let's research about video games,"Use an electronic source to search for information about game design.
Describe the main options of the game creation tool.",Students research about video games and game design. They learn the main options of Gamefroot to create their own game.,2c,Cursor
6,3,Programming your video game,Gamefroot,2,Planning and designing screens,"Design levels and characters.
Program game logic and publish the game.","Students use Gamefroot to plan screens, design the main character, add score and time, publish the game and create another level.",2c,Cursor
6,3,Programming your video game,Gamefroot,3,Main character,"Design levels and characters.
Program game logic and publish the game.","Students use Gamefroot to plan screens, design the main character, add score and time, publish the game and create another level.",2c,Cursor
6,3,Programming your video game,Gamefroot,4,Score and time,"Design levels and characters.
Program game logic and publish the game.","Students use Gamefroot to plan screens, design the main character, add score and time, publish the game and create another level.",2c,Cursor
6,3,Programming your video game,Gamefroot,5,Publishing the game,"Design levels and characters.
Program game logic and publish the game.","Students use Gamefroot to plan screens, design the main character, add score and time, publish the game and create another level.",2c,Cursor
6,3,Programming your video game,Gamefroot,6,Another level,"Design levels and characters.
Program game logic and publish the game.","Students use Gamefroot to plan screens, design the main character, add score and time, publish the game and create another level.",2c,Cursor
6,3,Programming your video game,Gamefroot,7,Educational video game,Put into practice what has been learned.,Students present their educational video game. They put into practice what they have learned and share their game with others.,2c,Cursor
6,4,Mobile fun,Access 365,1,Let's learn more about databases,"Describe what a database is and its uses.
Identify tables, records and fields.",Students learn more about databases and their uses. They explore Access 365 to create a database related to mobile applications or games.,2c,Cursor
6,4,Mobile fun,Access 365,2,Creating tables,"Create and modify tables and relationships.
Build queries, forms and reports.","Students work with Access 365 to create tables, relate them with queries, create forms, design reports and build a video game ratings database.",2c,Cursor
6,4,Mobile fun,Access 365,3,Relating tables and creating queries,"Create and modify tables and relationships.
Build queries, forms and reports.","Students work with Access 365 to create tables, relate them with queries, create forms, design reports and build a video game ratings database.",2c,Cursor
6,4,Mobile fun,Access 365,4,Creating forms,"Create and modify tables and relationships.
Build queries, forms and reports.","Students work with Access 365 to create tables, relate them with queries, create forms, design reports and build a video game ratings database.",2c,Cursor
6,4,Mobile fun,Access 365,5,Designing reports,"Create and modify tables and relationships.
Build queries, forms and reports.","Students work with Access 365 to create tables, relate them with queries, create forms, design reports and build a video game ratings database.",2c,Cursor
6,4,Mobile fun,Access 365,6,Video game ratings,"Create and modify tables and relationships.
Build queries, forms and reports.","Students work with Access 365 to create tables, relate them with queries, create forms, design reports and build a video game ratings database.",2c,Cursor
6,4,Mobile fun,Access 365,7,How does the database work,Put into practice what has been learned.,Students demonstrate how the database works and share their project. They put into practice what they have learned with Access 365.,2c,Cursor
7,1,Unmanned flights,Storyboard That,1,Let's research to learn,"Recognize the main options of an educational platform.
Explain what a drone is and its characteristics.
Describe the basic operation of a drone.
List applications of drones today.
Define what is ethics and its relationship with technology.
List essential ethical considerations when using technology tools.","Students use the website of the project and other online sources to research about drones: their functioning and current uses. In addition, they learn about ethics and its importance when using technology tools.
",2c,Tbox
7,1,Unmanned flights,Storyboard That,2,Creating a comic,"Identify the main options of a tool to design a comic.
Select and modify the background of the scenes.
Add characters in the scenes.
Add and modify text calls.
Save and share a story.","It’s time to design a comic! In this activity, students use an online tool to create a comic strip that shows a concrete situation where a drone can be used in creative manner.
",2c,Tbox
7,2,Business Plan,Word 365,1,Looking into the business world,"Explain the usefulness of styles in a word processor.
Describe the advantages of using tables in a document.
Identify options for using references in a document.
Define what online advertising and its advantages are.
List the risks of online advertising.","Students further their knowledge on word processors and they look into basic concepts of the business world which allow them to create their own business plan. Additionally, they learn about online advertising: definitions, advantages and risks. A key element of this activity is a brainstorm intended to choose the product or service that will be the core of their business plan.
",2c,Tbox
7,2,Business Plan,Word 365,2,Starting a business plan,"Modify the page settings.
Insert header and footer.
Insert a page number.
Change the view of a document.
Insert symbols or special characters.
Apply format to the text.
Modify the alignment and spacing of a paragraph.
Apply predesigned styles to the text.
Organize the text in columns.","In this activity students create and set up a new document in order to start their business plan based on the product or service chosen. They use formatting tools to complete the first two sections: executive summary and company description.
",2c,Tbox
7,2,Business Plan,Word 365,3,Market analysis and company structure,"Insert images.
Apply effects to the image.
Use the Format painter tool.
Insert page breaks.
Create a numbered or bulleted list.
Create a table by defining rows and columns.
Merge cells.
Insert a footnote.
Prepare an organization chart.
Check the spelling of a document.","Students continue working on their business plan. They develop the market analysis and the company organization. They work with images, lists, tables, organization chart, spelling checker and references.
",2c,Tbox
7,2,Business Plan,Word 365,4,The business plan continues,"Create an artistic text.
Insert shapes.
Insert text boxes.
Align and position objects.
Sort the data of a table.
Perform mathematical operations in a table.
Apply styles to the tables.","In this activity students prepare two new sections for their business plan: description of the products or services and financial projections. They use shapes, text boxes, artistic text and formulas in tables.
",2c,Tbox
7,2,Business Plan,Word 365,5,Implementation stages,"Highlight texts.
Create a flowchart.
Insert hyperlinks.
Insert a cover page.
Insert a table of contents.
Modify print settings.
Modify the properties of a document.
Save a document as PDF.","Students prepare a new section for their business plan: the implementation stages. In addition, they add a cover and the table of contents. Finally, they adjust the settings to print the document.
",2c,Tbox
7,2,Business Plan,Word 365,6,Marketing plan,Put into practice what has been learned.,"In this activity students complete their business plan by defining the marketing plan they will follow to promote their products or services. They put into practice what they have learned to complete the document and explore new tools to accomplish the final version of their proposal.
",2c,Tbox
7,2,Business Plan,Word 365,7,Business fair,Share the proposals of undertakings.,"Students work in teams to prepare a business fair and show their plans to the school community and other actors in the city.
",2c,Tbox
7,3,"Data here, data there",Data analysis,1,Research,"Use an electronic source to search for information.
Describe basic concepts of data analysis.",Students research about data analysis and its importance. They learn basic concepts and tools for exploring data.,2c,Cursor
7,3,"Data here, data there",Data analysis,2,Explore,"Explore and organize data.
Build and interpret visualizations.",Students explore data sets and build visualizations or analyses using the data analysis tools introduced in the project.,2c,Cursor
7,3,"Data here, data there",Data analysis,3,Explore,"Explore and organize data.
Build and interpret visualizations.",Students explore data sets and build visualizations or analyses using the data analysis tools introduced in the project.,2c,Cursor
7,3,"Data here, data there",Data analysis,4,Build,"Integrate what has been learned into a product or project.
Apply the tool features to the project theme.",Students explore data sets and build visualizations or analyses using the data analysis tools introduced in the project.,2c,Cursor
7,3,"Data here, data there",Data analysis,5,Apply,Put into practice what has been learned.,Students apply what they have learned to a real data analysis task. They put into practice the skills developed in the project.,2c,Cursor
7,4,Digital Marketing,PowerPoint 365,1,Time to research,"List the main options of a presentation editor.
Use an electronic source to search for information.",Students research about digital marketing. They learn the main options of PowerPoint and how to search for information.,2c,Cursor
7,4,Digital Marketing,PowerPoint 365,2,Basic concepts,"Create and format slides.
Insert images, text and apply transitions.","Students use PowerPoint to create presentations on basic concepts, online and offline digital marketing, social media facts and marketing materials.",2c,Cursor
7,4,Digital Marketing,PowerPoint 365,3,Online marketing,"Create and format slides.
Insert images, text and apply transitions.","Students use PowerPoint to create presentations on basic concepts, online and offline digital marketing, social media facts and marketing materials.",2c,Cursor
7,4,Digital Marketing,PowerPoint 365,4,Offline digital marketing,"Create and format slides.
Insert images, text and apply transitions.","Students use PowerPoint to create presentations on basic concepts, online and offline digital marketing, social media facts and marketing materials.",2c,Cursor
7,4,Digital Marketing,PowerPoint 365,5,Social media facts,"Create and format slides.
Insert images, text and apply transitions.","Students use PowerPoint to create presentations on basic concepts, online and offline digital marketing, social media facts and marketing materials.",2c,Cursor
7,4,Digital Marketing,PowerPoint 365,6,Digital marketing materials,"Create and format slides.
Insert images, text and apply transitions.","Students use PowerPoint to create presentations on basic concepts, online and offline digital marketing, social media facts and marketing materials.",2c,Cursor
7,4,Digital Marketing,PowerPoint 365,7,Sharing the materials,Put into practice what has been learned.,Students share the digital marketing materials they have created. They put into practice what they have learned and present their work.,2c,Cursor
8,1,Internet of things,Drawings,1,Let's learn about the Internet of Things,"Recognize the main options of an educational platform.
Explain what the Internet of Things is.
Describe specific situations in which the Internet of Things can transform our daily life.
Present the consequences of the loss of privacy in social networks.
List actions to protect privacy in social networks.","In this activity, students look into the Internet of Things. They learn what it is, its implications in the near future and other interesting facts. In addition, the importance of protecting their privacy in social media will be discussed.
",2c,Tbox
8,1,Internet of things,Drawings,2,Notes in a sketch,"Identify the main options of a tool to create annotations or sketches.
Add and modify text in the sketch.
Draw shapes and arrows in the sketch.
Insert images in the sketch.
Save a sketch or annotation.
Share a sketch or annotation.","Everyone taking notes! Students create a sketch to summarize what they have learned about the concept of the Internet of Things. The sketch includes shapes, texts with important ideas and representative images.
",2c,Tbox
8,2,Positive footprints,Google Sites,1,Learning more about web design,"Define what web design is.
List the main stages to design a website.
Identify basic HTML tags.
Present practical tips to design a good website.
Describe what the footprint is and the ways in which it is created.
Recommend actions to manage the footprint.","Students learn more about web design and practical recommendations to build a good website. They also learn about the digital footprint and how it is created.
",2c,Tbox
8,2,Positive footprints,Google Sites,2,Planning the website,"Plan the design of a website.
Locate useful information to include on the website.
Download and optimize images to include in the website.
Curate other web resources to include in the site.
Organize resources within the website folder.","Students specify the approach of the “Positive footprints” web campaign and complete the planning for it. Based on this planning, students search for information and resources for the web design.
",2c,Tbox
8,2,Positive footprints,Google Sites,3,The homepage,"Start the creation of a new website.
Modify basic properties of the page.
Create and modify containers or blocks to define the structure of the page.
Enter text on a webpage and format it.
Define the website footer.
Preview the webpage in the browser.","Students create the homepage for their website. In this page students include the title of the campaign, explain what it is about and its purpose. It is a call to action.
",2c,Tbox
8,2,Positive footprints,Google Sites,4,The main message,"Add a new page on the site.
Work with images on the webpage.
Insert and configure links.
Insert videos on the webpage.","In this activity, students create the second page of the website. In this page, students add information about the main message of the “Positive footprints” campaign. They use images, videos and links to enrich the content.
",2c,Tbox
8,2,Positive footprints,Google Sites,5,More content for the website,"Add sections with collapsing text.
Include a gallery of images on the page.
Create a form on the website.
Insert buttons.","Students create the third page of their website. In this page, they include experts’ opinion on the topic, as well as examples, practical cases or other content to complement the message of their campaign. They use tables to organize this information and create a form to receive contributions from people who visit the site.
",2c,Tbox
8,2,Positive footprints,Google Sites,6,The author's page,Customize the website design.,"In this activity, students create the author’s page, including relevant information to leave their digital footprint. In addition, they verify the navigation system between pages and make the final adjustments to finish the website.
",2c,Tbox
8,2,Positive footprints,Google Sites,7,Publishing and promoting the website,"Publish a website.
Embed external elements in the web site.
Update the changes made to the published version of the site.
Promote a website using different media.","Students publish the website and use different means to promote their campaign: email, social networks and advertisements at their school.
",2c,Tbox
8,3,Red card to bullying,Headliner,1,Learning more about video editing,"Describe the main options of a video editing tool.
Use an electronic source to search for information.",Students learn more about video editing and its role in raising awareness. They explore Headliner and research the topic.,2c,Cursor
8,3,Red card to bullying,Headliner,2,Creating a storyboard,"Plan and create a storyboard.
Edit video, add narration and music.","Students use Headliner to create a storyboard, gather materials, edit the video, add narration and music, and create a promotional video against bullying.",2c,Cursor
8,3,Red card to bullying,Headliner,3,Gathering and producing materials,"Plan and create a storyboard.
Edit video, add narration and music.","Students use Headliner to create a storyboard, gather materials, edit the video, add narration and music, and create a promotional video against bullying.",2c,Cursor
8,3,Red card to bullying,Headliner,4,The editing begins,"Plan and create a storyboard.
Edit video, add narration and music.","Students use Headliner to create a storyboard, gather materials, edit the video, add narration and music, and create a promotional video against bullying.",2c,Cursor
8,3,Red card to bullying,Headliner,5,Narration and music for my video,"Plan and create a storyboard.
Edit video, add narration and music.","Students use Headliner to create a storyboard, gather materials, edit the video, add narration and music, and create a promotional video against bullying.",2c,Cursor
8,3,Red card to bullying,Headliner,6,Creating a promotional video,"Plan and create a storyboard.
Edit video, add narration and music.","Students use Headliner to create a storyboard, gather materials, edit the video, add narration and music, and create a promotional video against bullying.",2c,Cursor
8,3,Red card to bullying,Headliner,7,Red Card event,Share the video with the community.,Students participate in the Red Card event and share their promotional videos. They put into practice what they have learned about video and the campaign.,2c,Cursor
8,4,Animated digital citizenship,Animaker,1,Learning about digital animation,"Describe the main options of an animation tool.
Use an electronic source to search for information.",Students learn about digital animation and digital citizenship topics. They explore Animaker and its main options.,2c,Cursor
8,4,Animated digital citizenship,Animaker,2,Netiquette tips,"Create an animation with characters and scenes.
Add text, voice and export the animation.","Students use Animaker to create short animations about netiquette, ergonomics, shopping online, security tips and digital reputation.",2c,Cursor
8,4,Animated digital citizenship,Animaker,3,Ergonomics tips,"Create an animation with characters and scenes.
Add text, voice and export the animation.","Students use Animaker to create short animations about netiquette, ergonomics, shopping online, security tips and digital reputation.",2c,Cursor
8,4,Animated digital citizenship,Animaker,4,Shopping online,"Create an animation with characters and scenes.
Add text, voice and export the animation.","Students use Animaker to create short animations about netiquette, ergonomics, shopping online, security tips and digital reputation.",2c,Cursor
8,4,Animated digital citizenship,Animaker,5,Security tips,"Create an animation with characters and scenes.
Add text, voice and export the animation.","Students use Animaker to create short animations about netiquette, ergonomics, shopping online, security tips and digital reputation.",2c,Cursor
8,4,Animated digital citizenship,Animaker,6,Digital reputation,"Create an animation with characters and scenes.
Add text, voice and export the animation.","Students use Animaker to create short animations about netiquette, ergonomics, shopping online, security tips and digital reputation.",2c,Cursor
8,4,Animated digital citizenship,Animaker,7,Animated science,Put into practice what has been learned.,Students create an animated science or citizenship piece and share it. They put into practice what they have learned with Animaker.,2c,Cursor
9,1,Eco Apps,App Inventor,1,Investigar,"Definir qué es una aplicación móvil.
Identificar las etapas del ciclo de vida de una aplicación móvil.
Explorar el entorno de desarrollo de App Inventor.
Describir qué es el consumo responsable y acciones clave para lograrlo.","En esta actividad los estudiantes utilizan el sitio web del proyecto para aprender más sobre el desarrollo de aplicaciones móviles y familiarizarse con la temática de este proyecto. Además, conocen el entorno de trabajo de App Inventor.
",2c,Tbox
9,1,Eco Apps,App Inventor,2,Explorar,"Crear un nuevo proyecto.
Configurar las propiedades de componentes de la aplicación: screen, botones y label.
Insertar un layout.
Agregar bloques de programación.
Comprobar el funcionamiento de la aplicación.
Exportar y descargar un proyecto.","En esta actividad los estudiantes crean una aplicación móvil que muestra consejos que ayudan a mejorar los hábitos de consumo responsable.
",2c,Tbox
9,1,Eco Apps,App Inventor,3,Explorar,"Añadir pantallas en la aplicación.
Agregar y programar un temporizador.
Controlar mensajes en pantalla.
Usar botones para moverse entre las pantallas de una aplicación.","En esta actividad los estudiantes crean una aplicación que les ayudará a conocer más sobre el manejo de los residuos o basura que desechamos.
",2c,Tbox
9,1,Eco Apps,App Inventor,4,Explorar,"Generar notificaciones dentro de la aplicación.
Utilizar la estructura condicional if.
Obtener el archivo apk de la aplicación.","Los estudiantes diseñan una calculadora para obtener el resultado del CO2 emitido según el tipo de motor y la distancia recorrida. Utilizan los componentes Spinner y Notifier para diseñar esta aplicación.
",2c,Tbox
9,1,Eco Apps,App Inventor,5,Explorar,"Crear listas interactivas en una aplicación.
Programar botones para abrir una URL.","¡A cuidar el medio ambiente! En esta actividad los estudiantes crean una aplicación que muestra diferentes consejos para cuidar el medio ambiente. Utilizan los componentes Listview, Webview y el ActivityStarter para visualizar los consejos.
",2c,Tbox
9,1,Eco Apps,App Inventor,6,Explorar,"Crear una interfaz de registro e inicio de sesión.
Almacenar y consultar usuarios registrados.
Desplegar mapas dentro de una aplicación.","Los estudiantes diseñan una aplicación que muestre mapas de diferentes lugares donde pueden realizar turismo ecológico. Utilizan el componente TinyDB1 para almacenar los usuarios registrados.
",2c,Tbox
9,1,Eco Apps,App Inventor,7,Explorar,"Incluir y programar objetos para leer códigos de barra y QR desde una aplicación.
Utilizar una herramienta en línea para generar códigos QR.","En esta actividad los estudiantes crean una aplicación para leer códigos de barra de productos de consumo diario y códigos QR con acceso a diferentes contenidos. También, aprenden a generar sus propios códigos QR.
",2c,Tbox
9,1,Eco Apps,App Inventor,8,Explorar,"Incluir y programar sonidos.
Declarar variables y definir su estado inicial.
Programar objetos para que puedan ser arrastrados.
Diseñar un sistema de puntaje.
Establecer un tiempo límite en una pantalla.","Los estudiantes crean un juego donde tienen que reciclar objetos según el material de fabricación. Utilizan los componentes Canvas, ImageSprite y Sound para controlar los elementos del juego.
",2c,Tbox
9,1,Eco Apps,App Inventor,9,Construir,Poner en práctica lo aprendido.,"En esta actividad los estudiantes diseñan su propia aplicación móvil sobre algún tema educativo o para resolver una necesidad de su institución. En esta actividad ponen en práctica lo aprendido y pueden explorar otras opciones.
",2c,Tbox
9,1,Eco Apps,App Inventor,10,Aplicar,Poner en práctica lo aprendido.,"Trabajando con el docente del área de Ciencias, los estudiantes investigan sobre las energías renovables. Con su grupo de trabajo diseñan una aplicación móvil para mostrar los usos de una energía renovable en la actualidad.
",2c,Tbox
9,2,Más que mil palabras,Gimp,1,Investigar,"Reconocer las principales opciones de una plataforma educativa.
Usar una fuente electrónica para buscar información.
Describir conceptos relacionados con el tema del proyecto.","En esta actividad los estudiantes utilizan el sitio web del proyecto para investigar sobre el tema. Además, se familiarizan con las opciones principales de la herramienta Gimp.",2c,Cursor
9,2,Más que mil palabras,Gimp,2,Explorar,"Explorar las herramientas del programa.
Aplicar las funciones aprendidas al tema del proyecto.",En esta actividad los estudiantes trabajan con Gimp en el marco del proyecto «Más que mil palabras». Realizan la actividad «Explorar» aplicando las funciones de la herramienta al contenido del proyecto.,2c,Cursor
9,2,Más que mil palabras,Gimp,3,Explorar,"Explorar las herramientas del programa.
Aplicar las funciones aprendidas al tema del proyecto.",En esta actividad los estudiantes trabajan con Gimp en el marco del proyecto «Más que mil palabras». Realizan la actividad «Explorar» aplicando las funciones de la herramienta al contenido del proyecto.,2c,Cursor
9,2,Más que mil palabras,Gimp,4,Explorar,"Explorar las herramientas del programa.
Aplicar las funciones aprendidas al tema del proyecto.",En esta actividad los estudiantes trabajan con Gimp en el marco del proyecto «Más que mil palabras». Realizan la actividad «Explorar» aplicando las funciones de la herramienta al contenido del proyecto.,2c,Cursor
9,2,Más que mil palabras,Gimp,5,Explorar,"Explorar las herramientas del programa.
Aplicar las funciones aprendidas al tema del proyecto.",En esta actividad los estudiantes trabajan con Gimp en el marco del proyecto «Más que mil palabras». Realizan la actividad «Explorar» aplicando las funciones de la herramienta al contenido del proyecto.,2c,Cursor
9,2,Más que mil palabras,Gimp,6,Explorar,"Explorar las herramientas del programa.
Aplicar las funciones aprendidas al tema del proyecto.",En esta actividad los estudiantes trabajan con Gimp en el marco del proyecto «Más que mil palabras». Realizan la actividad «Explorar» aplicando las funciones de la herramienta al contenido del proyecto.,2c,Cursor
9,2,Más que mil palabras,Gimp,7,Explorar,"Explorar las herramientas del programa.
Aplicar las funciones aprendidas al tema del proyecto.",En esta actividad los estudiantes trabajan con Gimp en el marco del proyecto «Más que mil palabras». Realizan la actividad «Explorar» aplicando las funciones de la herramienta al contenido del proyecto.,2c,Cursor
9,2,Más que mil palabras,Gimp,8,Explorar,"Explorar las herramientas del programa.
Aplicar las funciones aprendidas al tema del proyecto.",En esta actividad los estudiantes trabajan con Gimp en el marco del proyecto «Más que mil palabras». Realizan la actividad «Explorar» aplicando las funciones de la herramienta al contenido del proyecto.,2c,Cursor
9,2,Más que mil palabras,Gimp,9,Construir,"Integrar lo aprendido en un producto o proyecto.
Aplicar las funciones de la herramienta al tema del proyecto.",En esta actividad los estudiantes trabajan con Gimp en el marco del proyecto «Más que mil palabras». Realizan la actividad «Construir» aplicando las funciones de la herramienta al contenido del proyecto.,2c,Cursor
9,2,Más que mil palabras,Gimp,10,Aplicar,Poner en práctica lo aprendido.,Los estudiantes ponen en práctica lo aprendido en el proyecto «Más que mil palabras». Utilizan la herramienta Gimp para completar un producto final relacionado con la temática.,2c,Cursor
9,3,Introduction to Python,Python,1,Learning about Python,"Describe the main features of Python.
Use an electronic source to search for information.","Students use the website of the project to research about the topic. In addition, they learn about the main options of Python and how it supports the project theme.",2c,Cursor
9,3,Introduction to Python,Python,2,Variables and data types,"Write and run Python code.
Use variables, control structures and functions.",Students work with Python as part of the project «Introduction to Python». They complete the activity «Variables and data types» using the tool to apply their skills to the project theme.,2c,Cursor
9,3,Introduction to Python,Python,3,Text strings,"Write and run Python code.
Use variables, control structures and functions.",Students work with Python as part of the project «Introduction to Python». They complete the activity «Text strings» using the tool to apply their skills to the project theme.,2c,Cursor
9,3,Introduction to Python,Python,4,Use of lists,"Write and run Python code.
Use variables, control structures and functions.",Students work with Python as part of the project «Introduction to Python». They complete the activity «Use of lists» using the tool to apply their skills to the project theme.,2c,Cursor
9,3,Introduction to Python,Python,5,Turtle graphics module,"Write and run Python code.
Use variables, control structures and functions.",Students work with Python as part of the project «Introduction to Python». They complete the activity «Turtle graphics module» using the tool to apply their skills to the project theme.,2c,Cursor
9,3,Introduction to Python,Python,6,Use of for,"Write and run Python code.
Use variables, control structures and functions.",Students work with Python as part of the project «Introduction to Python». They complete the activity «Use of for» using the tool to apply their skills to the project theme.,2c,Cursor
9,3,Introduction to Python,Python,7,"Use of if, elif, and else","Write and run Python code.
Use variables, control structures and functions.","Students work with Python as part of the project «Introduction to Python». They complete the activity «Use of if, elif, and else» using the tool to apply their skills to the project theme.",2c,Cursor
9,3,Introduction to Python,Python,8,Using the while loop,"Write and run Python code.
Use variables, control structures and functions.",Students work with Python as part of the project «Introduction to Python». They complete the activity «Using the while loop» using the tool to apply their skills to the project theme.,2c,Cursor
9,3,Introduction to Python,Python,9,Programming challenges,"Write and run Python code.
Use variables, control structures and functions.",Students work with Python as part of the project «Introduction to Python». They complete the activity «Programming challenges» using the tool to apply their skills to the project theme.,2c,Cursor
9,3,Introduction to Python,Python,10,Hackathon,Put into practice what has been learned.,Students put into practice what they have learned in the project. They use Python to create or share a final product related to «Introduction to Python».,2c,Cursor
10,1,Diseño web con HTML5,Word 365,1,Investigar,"Reconocer las principales opciones de una plataforma educativa.
Usar una fuente electrónica para buscar información.
Describir conceptos relacionados con el tema del proyecto.","En esta actividad los estudiantes utilizan el sitio web del proyecto para investigar sobre el tema. Además, se familiarizan con las opciones principales de la herramienta Word 365.",2c,Cursor
10,1,Diseño web con HTML5,Moqups,2,Explorar,"Explorar las herramientas del programa.
Aplicar las funciones aprendidas al tema del proyecto.",En esta actividad los estudiantes trabajan con Moqups en el marco del proyecto «Diseño web con HTML5». Realizan la actividad «Explorar» aplicando las funciones de la herramienta al contenido del proyecto.,2c,Cursor
10,1,Diseño web con HTML5,Squarespace,3,Explorar,"Explorar las herramientas del programa.
Aplicar las funciones aprendidas al tema del proyecto.",En esta actividad los estudiantes trabajan con Squarespace en el marco del proyecto «Diseño web con HTML5». Realizan la actividad «Explorar» aplicando las funciones de la herramienta al contenido del proyecto.,2c,Cursor
10,1,Diseño web con HTML5,Notepad++,4,Explorar,"Explorar las herramientas del programa.
Aplicar las funciones aprendidas al tema del proyecto.",En esta actividad los estudiantes trabajan con Notepad++ en el marco del proyecto «Diseño web con HTML5». Realizan la actividad «Explorar» aplicando las funciones de la herramienta al contenido del proyecto.,2c,Cursor
10,1,Diseño web con HTML5,Bootstrap,5,Explorar,"Explorar las herramientas del programa.
Aplicar las funciones aprendidas al tema del proyecto.",En esta actividad los estudiantes trabajan con Bootstrap en el marco del proyecto «Diseño web con HTML5». Realizan la actividad «Explorar» aplicando las funciones de la herramienta al contenido del proyecto.,2c,Cursor
10,1,Diseño web con HTML5,Notepad++,6,Explorar,"Explorar las herramientas del programa.
Aplicar las funciones aprendidas al tema del proyecto.",En esta actividad los estudiantes trabajan con Notepad++ en el marco del proyecto «Diseño web con HTML5». Realizan la actividad «Explorar» aplicando las funciones de la herramienta al contenido del proyecto.,2c,Cursor
10,1,Diseño web con HTML5,Notepad++,7,Explorar,"Explorar las herramientas del programa.
Aplicar las funciones aprendidas al tema del proyecto.",En esta actividad los estudiantes trabajan con Notepad++ en el marco del proyecto «Diseño web con HTML5». Realizan la actividad «Explorar» aplicando las funciones de la herramienta al contenido del proyecto.,2c,Cursor
10,1,Diseño web con HTML5,Notepad++,8,Explorar,"Explorar las herramientas del programa.
Aplicar las funciones aprendidas al tema del proyecto.",En esta actividad los estudiantes trabajan con Notepad++ en el marco del proyecto «Diseño web con HTML5». Realizan la actividad «Explorar» aplicando las funciones de la herramienta al contenido del proyecto.,2c,Cursor
10,1,Diseño web con HTML5,Notepad++,9,Construir,"Integrar lo aprendido en un producto o proyecto.
Aplicar las funciones de la herramienta al tema del proyecto.",En esta actividad los estudiantes trabajan con Notepad++ en el marco del proyecto «Diseño web con HTML5». Realizan la actividad «Construir» aplicando las funciones de la herramienta al contenido del proyecto.,2c,Cursor
10,1,Diseño web con HTML5,Notepad++,10,Aplicar,Poner en práctica lo aprendido.,Los estudiantes ponen en práctica lo aprendido en el proyecto «Diseño web con HTML5». Utilizan la herramienta Notepad++ para completar un producto final relacionado con la temática.,2c,Cursor
10,2,"Lights, camera, action",Clipchamp,1,Research,"Describe the main options of a video editing tool.
Use an electronic source to search for information.","Students use the website of the project to research about the topic. In addition, they learn about the main options of Clipchamp and how it supports the project theme.",2c,Cursor
10,2,"Lights, camera, action",Clipchamp,2,Explore,"Import and arrange clips.
Edit video, add titles and export.","Students work with Clipchamp as part of the project «Lights, camera, action». They complete the activity «Explore» using the tool to apply their skills to the project theme.",2c,Cursor
10,2,"Lights, camera, action",Clipchamp,3,Explore,"Import and arrange clips.
Edit video, add titles and export.","Students work with Clipchamp as part of the project «Lights, camera, action». They complete the activity «Explore» using the tool to apply their skills to the project theme.",2c,Cursor
10,2,"Lights, camera, action",Clipchamp,4,Explore,"Import and arrange clips.
Edit video, add titles and export.","Students work with Clipchamp as part of the project «Lights, camera, action». They complete the activity «Explore» using the tool to apply their skills to the project theme.",2c,Cursor
10,2,"Lights, camera, action",Clipchamp,5,Explore,"Import and arrange clips.
Edit video, add titles and export.","Students work with Clipchamp as part of the project «Lights, camera, action». They complete the activity «Explore» using the tool to apply their skills to the project theme.",2c,Cursor
10,2,"Lights, camera, action",Clipchamp,6,Explore,"Import and arrange clips.
Edit video, add titles and export.","Students work with Clipchamp as part of the project «Lights, camera, action». They complete the activity «Explore» using the tool to apply their skills to the project theme.",2c,Cursor
10,2,"Lights, camera, action",Clipchamp,7,Explore,"Import and arrange clips.
Edit video, add titles and export.","Students work with Clipchamp as part of the project «Lights, camera, action». They complete the activity «Explore» using the tool to apply their skills to the project theme.",2c,Cursor
10,2,"Lights, camera, action",Clipchamp,8,Explore,"Import and arrange clips.
Edit video, add titles and export.","Students work with Clipchamp as part of the project «Lights, camera, action». They complete the activity «Explore» using the tool to apply their skills to the project theme.",2c,Cursor
10,2,"Lights, camera, action",Clipchamp,9,Build,"Integrate what has been learned into a product or project.
Apply the tool features to the project theme.","Students work with Clipchamp as part of the project «Lights, camera, action». They complete the activity «Build» using the tool to apply their skills to the project theme.",2c,Cursor
10,2,"Lights, camera, action",Clipchamp,10,Apply,Put into practice what has been learned.,"Students put into practice what they have learned in the project. They use Clipchamp to create or share a final product related to «Lights, camera, action».",2c,Cursor
11,1,CSS Bootcamp,VS Code,1,Research,"Describe the main options of a code editor.
Use an electronic source to search for information.","Students use the website of the project to research about the topic. In addition, they learn about the main options of VS Code and how it supports the project theme.",2c,Cursor
11,1,CSS Bootcamp,VS Code,2,Explore,"Create and edit code files.
Use the editor features for CSS and web development.",Students work with VS Code as part of the project «CSS Bootcamp». They complete the activity «Explore» using the tool to apply their skills to the project theme.,2c,Cursor
11,1,CSS Bootcamp,VS Code,3,Explore,"Create and edit code files.
Use the editor features for CSS and web development.",Students work with VS Code as part of the project «CSS Bootcamp». They complete the activity «Explore» using the tool to apply their skills to the project theme.,2c,Cursor
11,1,CSS Bootcamp,VS Code,4,Build,"Integrate what has been learned into a product or project.
Apply the tool features to the project theme.",Students work with VS Code as part of the project «CSS Bootcamp». They complete the activity «Build» using the tool to apply their skills to the project theme.,2c,Cursor
11,1,CSS Bootcamp,VS Code,5,Apply,Put into practice what has been learned.,Students put into practice what they have learned in the project. They use VS Code to create or share a final product related to «CSS Bootcamp».,2c,Cursor
11,2,Primeros pasos en SQL,Oracle Live SQL,1,Investigar,"Reconocer las principales opciones de una plataforma educativa.
Usar una fuente electrónica para buscar información.
Describir conceptos relacionados con el tema del proyecto.","En esta actividad los estudiantes utilizan el sitio web del proyecto para investigar sobre el tema. Además, se familiarizan con las opciones principales de la herramienta Oracle Live SQL.",2c,Cursor
11,2,Primeros pasos en SQL,Oracle Live SQL,2,Explorar,"Explorar las herramientas del programa.
Aplicar las funciones aprendidas al tema del proyecto.",En esta actividad los estudiantes trabajan con Oracle Live SQL en el marco del proyecto «Primeros pasos en SQL». Realizan la actividad «Explorar» aplicando las funciones de la herramienta al contenido del proyecto.,2c,Cursor
11,2,Primeros pasos en SQL,Oracle Live SQL,3,Explorar,"Explorar las herramientas del programa.
Aplicar las funciones aprendidas al tema del proyecto.",En esta actividad los estudiantes trabajan con Oracle Live SQL en el marco del proyecto «Primeros pasos en SQL». Realizan la actividad «Explorar» aplicando las funciones de la herramienta al contenido del proyecto.,2c,Cursor
11,2,Primeros pasos en SQL,Oracle Live SQL,4,Construir,"Integrar lo aprendido en un producto o proyecto.
Aplicar las funciones de la herramienta al tema del proyecto.",En esta actividad los estudiantes trabajan con Oracle Live SQL en el marco del proyecto «Primeros pasos en SQL». Realizan la actividad «Construir» aplicando las funciones de la herramienta al contenido del proyecto.,2c,Cursor
11,2,Primeros pasos en SQL,Oracle Live SQL,5,Aplicar,Poner en práctica lo aprendido.,Los estudiantes ponen en práctica lo aprendido en el proyecto «Primeros pasos en SQL». Utilizan la herramienta Oracle Live SQL para completar un producto final relacionado con la temática.,2c,Cursor
12,1,Program your trivia,JavaScript,1,Research,"Describe the main features of JavaScript.
Use an electronic source to search for information.","Students use the website of the project to research about the topic. In addition, they learn about the main options of JavaScript and how it supports the project theme.",2c,Cursor
12,1,Program your trivia,JavaScript,2,Explore,"Write and run JavaScript code.
Use variables, functions and control structures.",Students work with JavaScript as part of the project «Program your trivia». They complete the activity «Explore» using the tool to apply their skills to the project theme.,2c,Cursor
12,1,Program your trivia,JavaScript,3,Explore,"Write and run JavaScript code.
Use variables, functions and control structures.",Students work with JavaScript as part of the project «Program your trivia». They complete the activity «Explore» using the tool to apply their skills to the project theme.,2c,Cursor
12,1,Program your trivia,JavaScript,4,Build,"Integrate what has been learned into a product or project.
Apply the tool features to the project theme.",Students work with JavaScript as part of the project «Program your trivia». They complete the activity «Build» using the tool to apply their skills to the project theme.,2c,Cursor
12,1,Program your trivia,JavaScript,5,Apply,Put into practice what has been learned.,Students put into practice what they have learned in the project. They use JavaScript to create or share a final product related to «Program your trivia».,2c,Cursor
12,2,Marketing e Inteligencia Artificial,Web browser,1,Investigar,"Reconocer las principales opciones de una plataforma educativa.
Usar una fuente electrónica para buscar información.
Describir conceptos relacionados con el tema del proyecto.","En esta actividad los estudiantes utilizan el sitio web del proyecto para investigar sobre el tema. Además, se familiarizan con las opciones principales de la herramienta Web browser.",2c,Cursor
12,2,Marketing e Inteligencia Artificial,ChatGPT/Gemini,2,Explorar,"Explorar las herramientas del programa.
Aplicar las funciones aprendidas al tema del proyecto.",En esta actividad los estudiantes trabajan con ChatGPT/Gemini en el marco del proyecto «Marketing e Inteligencia Artificial». Realizan la actividad «Explorar» aplicando las funciones de la herramienta al contenido del proyecto.,2c,Cursor
12,2,Marketing e Inteligencia Artificial,ChatGPT/Canva/Adobe Firefly,3,Explorar,"Explorar las herramientas del programa.
Aplicar las funciones aprendidas al tema del proyecto.",En esta actividad los estudiantes trabajan con ChatGPT/Canva/Adobe Firefly en el marco del proyecto «Marketing e Inteligencia Artificial». Realizan la actividad «Explorar» aplicando las funciones de la herramienta al contenido del proyecto.,2c,Cursor
12,2,Marketing e Inteligencia Artificial,ChatGPT/Canva/Clipdrop/Bing,4,Construir,"Integrar lo aprendido en un producto o proyecto.
Aplicar las funciones de la herramienta al tema del proyecto.",En esta actividad los estudiantes trabajan con ChatGPT/Canva/Clipdrop/Bing en el marco del proyecto «Marketing e Inteligencia Artificial». Realizan la actividad «Construir» aplicando las funciones de la herramienta al contenido del proyecto.,2c,Cursor
12,2,Marketing e Inteligencia Artificial,ChatGPT/Studio D-ID/HeyGen,5,Aplicar,Poner en práctica lo aprendido.,Los estudiantes ponen en práctica lo aprendido en el proyecto «Marketing e Inteligencia Artificial». Utilizan la herramienta ChatGPT/Studio D-ID/HeyGen para completar un producto final relacionado con la temática.,2c,Cursor
DC3,1,Animaciones educativas,Wick Editor,1,Aprendamos sobre animaciones,"Definir qué es una animación digital.
Enumerar los principales tipos de animación digital.
Brindar ejemplos de técnicas de animación digital.
Identificar las partes básicas de un editor de animaciones.
Crear una nueva animación y determinar sus propiedades.
Usar herramientas de dibujo.
Trabajar con fotogramas para definir el contenido que se observa en la animación.
Insertar un texto en una animación.
Exportar una animación en formato GIF.","Los estudiantes investigan sobre las animaciones digitales: concepto, tipos y técnicas comunes. Además, utilizan el editor de animaciones en línea para crear un GIF animado.",2c,Tbox
DC3,1,Animaciones educativas,Wick Editor,2,Video explicativo,"Crear capas, reordenarlas y asignarles un nombre.
Importar una imagen e incluirla en la animación.
Usar la herramienta “papel cebolla” para organizar los elementos.
Ajustar la vista de la línea de tiempo.
Usar efectos de interpolación.
Cargar y reproducir audio.
Exportar una animación en formato de video.",Los estudiantes utilizan varias herramientas del editor de animaciones para crear un video explicativo sobre hábitos para prevenir enfermedades.,2c,Tbox
DC3,1,Animaciones educativas,Wick Editor,3,Menú interactivo,"Crear efectos de entrada.
Convertir objetos a botones.
Asignar nombres a los fotogramas.
Manejar fotogramas de control.
Programar un evento cuando el mouse se coloca sobre el objeto.
Definir un evento cuando se da clic al objeto.
Exportar una animación en formato HTML.","Los estudiantes utilizan el editor de animaciones para crear un menú interactivo, con el fin de promover la alimentación saludable como medida para prevenir enfermedades.",2c,Tbox
DC3,1,Animaciones educativas,Wick Editor,4,Infografía interactiva,Programar botones que reproducen un audio.,En esta actividad los estudiantes diseñan una infografía interactiva para presentar hábitos que ayudan a mantener una vida saludable.,2c,Tbox
DC3,1,Animaciones educativas,Wick Editor,5,Animación interactiva,"Programar el evento “al presionar una tecla”.
Crear un hipervínculo en la animación.",Los estudiantes programan teclas direccionales y un hipervínculo para crear una animación interactiva que muestre los beneficios de realizar actividades físicas.,2c,Tbox
DC3,2,Ciudadanía digital animada,Animaker,1,Investigar,"Reconocer las principales opciones de una plataforma educativa.
Usar una fuente electrónica para buscar información.
Describir conceptos relacionados con el tema del proyecto.","En esta actividad los estudiantes utilizan el sitio web del proyecto para investigar sobre el tema. Además, se familiarizan con las opciones principales de la herramienta Animaker.",2c,Cursor
DC3,2,Ciudadanía digital animada,Animaker,2,Explorar,"Explorar las herramientas del programa.
Aplicar las funciones aprendidas al tema del proyecto.",En esta actividad los estudiantes trabajan con Animaker en el marco del proyecto «Ciudadanía digital animada». Realizan la actividad «Explorar» aplicando las funciones de la herramienta al contenido del proyecto.,2c,Cursor
DC3,2,Ciudadanía digital animada,Animaker,3,Explorar,"Explorar las herramientas del programa.
Aplicar las funciones aprendidas al tema del proyecto.",En esta actividad los estudiantes trabajan con Animaker en el marco del proyecto «Ciudadanía digital animada». Realizan la actividad «Explorar» aplicando las funciones de la herramienta al contenido del proyecto.,2c,Cursor
DC3,2,Ciudadanía digital animada,Animaker,4,Explorar,"Explorar las herramientas del programa.
Aplicar las funciones aprendidas al tema del proyecto.",En esta actividad los estudiantes trabajan con Animaker en el marco del proyecto «Ciudadanía digital animada». Realizan la actividad «Explorar» aplicando las funciones de la herramienta al contenido del proyecto.,2c,Cursor
DC3,2,Ciudadanía digital animada,Animaker,5,Explorar,"Explorar las herramientas del programa.
Aplicar las funciones aprendidas al tema del proyecto.",En esta actividad los estudiantes trabajan con Animaker en el marco del proyecto «Ciudadanía digital animada». Realizan la actividad «Explorar» aplicando las funciones de la herramienta al contenido del proyecto.,2c,Cursor
DC3,2,Ciudadanía digital animada,Animaker,6,Construir,"Integrar lo aprendido en un producto o proyecto.
Aplicar las funciones de la herramienta al tema del proyecto.",En esta actividad los estudiantes trabajan con Animaker en el marco del proyecto «Ciudadanía digital animada». Realizan la actividad «Construir» aplicando las funciones de la herramienta al contenido del proyecto.,2c,Cursor
DC3,2,Ciudadanía digital animada,Animaker,7,Aplicar,Poner en práctica lo aprendido.,Los estudiantes ponen en práctica lo aprendido en el proyecto «Ciudadanía digital animada». Utilizan la herramienta Animaker para completar un producto final relacionado con la temática.,2c,Cursor
